﻿{"cameraMode":{"drawMode":0,"name":"Shaded","section":"Shading Mode"},"sceneLighting":true,"audioPlay":false,"sceneViewState":{"showFog":true,"showMaterialUpdate":false,"showSkybox":true,"showFlares":true,"showImageEffects":true,"showParticleSystems":true},"in2DMode":false,"pivot":{"x":-0.3237835168838501,"y":0.1149454116821289,"z":3.6177713871002199},"rotation":{"x":-0.19552204012870789,"y":0.013824698515236378,"z":-0.002756463596597314,"w":-0.980597972869873},"size":8.152162551879883,"orthographic":false}